{
  "ОТ-АР": {
    "precision": [
      0.6543076038360596,
      0.6755342483520508,
      0.8492825031280518,
      0.690998375415802,
      0.695818305015564,
      0.7209875583648682,
      0.7540886998176575,
      0.6990528702735901,
      0.6996459364891052,
      0.7572481036186218
    ],
    "recall": [
      0.6238990426063538,
      0.6551100611686707,
      0.7688244581222534,
      0.6498314142227173,
      0.6805450916290283,
      0.6936967968940735,
      0.696569561958313,
      0.6897445917129517,
      0.7051653265953064,
      0.7300971150398254
    ],
    "f1": [
      0.638741672039032,
      0.665165364742279,
      0.8070531487464905,
      0.6697828769683838,
      0.6880970001220703,
      0.7070789337158203,
      0.7241887450218201,
      0.6943674683570862,
      0.7023947834968567,
      0.7434248328208923
    ]
  },
  "ОТ-СР": {
    "summary_lingvo": {
      "f1": [
        0.6858037114143372,
        0.7549574375152588,
        0.7532638907432556,
        0.7302165627479553,
        0.7296438813209534,
        0.7339085340499878,
        0.7414306402206421,
        0.7085373997688293,
        0.7141348719596863,
        0.7273668646812439
      ],
      "precision": [
        0.7083472609519958,
        0.774986982345581,
        0.7517086267471313,
        0.7276373505592346,
        0.720345139503479,
        0.7290316820144653,
        0.7344604730606079,
        0.7050824165344238,
        0.6949774026870728,
        0.7266090512275696
      ],
      "recall": [
        0.6646507978439331,
        0.7359371781349182,
        0.7548256516456604,
        0.7328141331672668,
        0.7391859292984009,
        0.738851010799408,
        0.7485345005989075,
        0.7120264768600464,
        0.7343782782554626,
        0.7281262278556824
      ]
    },
    "summary_TextRank": {
      "f1": [
        0.6736198663711548,
        0.8104055523872375,
        0.7671380043029785,
        0.7230058908462524,
        0.7253866195678711,
        0.6999515295028687,
        0.71614670753479,
        0.6811751127243042,
        0.7122053503990173,
        0.7144669890403748
      ],
      "precision": [
        0.6850410103797913,
        0.8049142360687256,
        0.7631599307060242,
        0.7254643440246582,
        0.7192649841308594,
        0.7095258831977844,
        0.7204787731170654,
        0.6857583522796631,
        0.7181859016418457,
        0.7247062921524048
      ],
      "recall": [
        0.6625732779502869,
        0.8159723281860352,
        0.7711578011512756,
        0.7205639481544495,
        0.7316133975982666,
        0.6906322240829468,
        0.7118663787841797,
        0.6766526699066162,
        0.7063236236572266,
        0.7045130729675293
      ]
    },
    "summary_LexRank": {
      "f1": [
        0.6647377014160156,
        0.6260566711425781,
        0.6661126017570496,
        0.6318674683570862,
        0.6515340805053711,
        0.6391147375106812,
        0.6440614461898804,
        0.6723516583442688,
        0.6469485759735107,
        0.6491726040840149
      ],
      "precision": [
        0.6788604259490967,
        0.6455222368240356,
        0.6973679661750793,
        0.6534692049026489,
        0.6899149417877197,
        0.6782623529434204,
        0.677407443523407,
        0.6972988843917847,
        0.668691098690033,
        0.6850125789642334
      ],
      "recall": [
        0.6511905789375305,
        0.6077306270599365,
        0.6375387907028198,
        0.6116482019424438,
        0.6171984672546387,
        0.6042394638061523,
        0.6138443946838379,
        0.6491278409957886,
        0.6265753507614136,
        0.6168964505195618
      ]
    },
    "summary_mt5": {
      "f1": [
        0.6627697944641113,
        0.6428552865982056,
        0.6187361478805542,
        0.6315800547599792,
        0.627372682094574,
        0.6545919179916382,
        0.6431299448013306,
        0.6511178612709045,
        0.6599621772766113,
        0.6969677209854126
      ],
      "precision": [
        0.7074428796768188,
        0.6622137427330017,
        0.628023624420166,
        0.6685575842857361,
        0.6360070705413818,
        0.669951319694519,
        0.6489149332046509,
        0.6767997145652771,
        0.7022624015808105,
        0.7683570981025696
      ],
      "recall": [
        0.6234034895896912,
        0.6245964765548706,
        0.6097192764282227,
        0.5984784364700317,
        0.6189696192741394,
        0.6399209499359131,
        0.6374471187591553,
        0.6273137331008911,
        0.6224683523178101,
        0.6377164125442505
      ]
    },
    "summary_mbart": {
      "f1": [
        0.6777381300926208,
        0.7239884734153748,
        0.7278396487236023,
        0.6763058304786682,
        0.7184439897537231,
        0.7057370543479919,
        0.7360473871231079,
        0.7052628397941589,
        0.7419506311416626,
        0.7179424166679382
      ],
      "precision": [
        0.6982443332672119,
        0.7258737683296204,
        0.730228066444397,
        0.6989253759384155,
        0.7203060388565063,
        0.7093054056167603,
        0.7339693307876587,
        0.7183797359466553,
        0.7507659792900085,
        0.7483424544334412
      ],
      "recall": [
        0.6584020256996155,
        0.7221129536628723,
        0.7254667282104492,
        0.6551045179367065,
        0.716591477394104,
        0.7022045254707336,
        0.7381373047828674,
        0.6926162838935852,
        0.7333398461341858,
        0.6899158954620361
      ]
    },
    "summary_rut5": {
      "f1": [
        0.709334135055542,
        0.7337642312049866,
        0.7300860285758972,
        0.6987117528915405,
        0.7115868926048279,
        0.724698007106781,
        0.7325571775436401,
        0.7054150104522705,
        0.6825154423713684,
        0.7046511173248291
      ],
      "precision": [
        0.7313395738601685,
        0.733539342880249,
        0.7337750792503357,
        0.7373194694519043,
        0.7128710746765137,
        0.747596263885498,
        0.7300270795822144,
        0.7150259017944336,
        0.6976513862609863,
        0.7401673793792725
      ],
      "recall": [
        0.6886143684387207,
        0.7339892387390137,
        0.7264339923858643,
        0.6639460921287537,
        0.7103073000907898,
        0.7031607627868652,
        0.7351049184799194,
        0.6960590481758118,
        0.6680222153663635,
        0.6723873019218445
      ]
    },
    "summary_t5": {
      "f1": [
        0.7067826986312866,
        0.7059807181358337,
        0.733519971370697,
        0.6895342469215393,
        0.7081867456436157,
        0.7050824165344238,
        0.7378476858139038,
        0.6866407990455627,
        0.6930869817733765,
        0.6972489953041077
      ],
      "precision": [
        0.7528389692306519,
        0.7022957801818848,
        0.7523431181907654,
        0.7417649030685425,
        0.7125563621520996,
        0.7198968529701233,
        0.7355514764785767,
        0.6988869905471802,
        0.7347502708435059,
        0.743684709072113
      ],
      "recall": [
        0.6660367250442505,
        0.7097045183181763,
        0.7156158089637756,
        0.6441752910614014,
        0.7038704752922058,
        0.6908654570579529,
        0.740158200263977,
        0.6748164296150208,
        0.6558951139450073,
        0.6562714576721191
      ]
    }
  },
  "АР-СР": {
    "summary_lingvo": {
      "f1": [
        0.7458876371383667,
        0.6670816540718079,
        0.7056062817573547,
        0.665751039981842,
        0.6469558477401733,
        0.7189657092094421,
        0.6936669945716858,
        0.7341268062591553,
        0.6926752328872681,
        0.7464437484741211
      ],