{
  "ОТ-АР": {
    "rouge1": [
      0.1550387596899225,
      0.0,
      0.021276595744680854,
      0.059701492537313446,
      0.0,
      0.010050251256281409,
      0.0,
      0.13840830449826988,
      0.1596244131455399,
      0.30158730158730157
    ],
    "rouge2": [
      0.07874015748031496,
      0.0,
      0.0160427807486631,
      0.0,
      0.0,
      0.0,
      0.0,
      0.0975609756097561,
      0.13270142180094788,
      0.24193548387096775
    ],
    "rougeL": [
      0.1550387596899225,
      0,
      0.021276595744680854,
      0.059701492537313446,
      0,
      0.010050251256281409,
      0,
      0.13840830449826988,
      0.1596244131455399,
      0.2698412698412698
    ]
  },
  "ОТ-СР": {
    "summary_lingvo": {
      "rouge1": [
        0.44155844155844154,
        0.10461538461538461,
        0.1218274111675127,
        0.21917808219178084,
        0.30952380952380953,
        0.2857142857142857,
        0.24999999999999994,
        0.24262295081967214,
        0.38247011952191234,
        0.20168067226890757
      ],
      "rouge2": [
        0.38157894736842113,
        0.06811145510835913,
        0.09693877551020408,
        0.14084507042253522,
        0.24096385542168677,
        0.24454148471615722,
        0.1798561151079137,
        0.21782178217821782,
        0.321285140562249,
        0.17094017094017094
      ],
      "rougeL": [
        0.35064935064935066,
        0.07384615384615384,
        0.07614213197969544,
        0.21917808219178084,
        0.16666666666666666,
        0.2510822510822511,
        0.15000000000000002,
        0.2032786885245902,
        0.29482071713147406,
        0.20168067226890757
      ]
    },
    "summary_TextRank": {
      "rouge1": [
        0.46451612903225803,
        0.2888888888888889,
        0.36283185840707965,
        0.4337349397590362,
        0.3954802259887006,
        0.42857142857142855,
        0.37414965986394555,
        0.5274725274725275,
        0.40650406504065045,
        0.1391304347826087
      ],
      "rouge2": [
        0.3137254901960785,
        0.18435754189944134,
        0.2177777777777778,
        0.2716049382716049,
        0.24,
        0.352,
        0.2397260273972603,
        0.46408839779005523,
        0.34426229508196726,
        0.08849557522123895
      ],
      "rougeL": [
        0.46451612903225803,
        0.2888888888888889,
        0.36283185840707965,
        0.4337349397590362,
        0.3954802259887006,
        0.42857142857142855,
        0.37414965986394555,
        0.5274725274725275,
        0.40650406504065045,
        0.1391304347826087
      ]
    },
    "summary_LexRank": {
      "rouge1": [
        0.016666666666666666,
        0.006472491909385114,
        0.005390835579514825,
        0.059701492537313446,
        0.0,
        0.0,
        0.0,
        0.03663003663003663,
        0.04975124378109453,
        0.0
      ],
      "rouge2": [
        0.0,
        0.0,
        0.0,
        0.03076923076923077,
        0.0,
        0.0,
        0.0,
        0.02952029520295203,
        0.030150753768844223,
        0.0
      ],
      "rougeL": [
        0.016666666666666666,
        0.006472491909385114,
        0.005390835579514825,
        0.059701492537313446,
        0,
        0,
        0,
        0.03663003663003663,
        0.04975124378109453,
        0
      ]
    },
    "summary_mt5": {
      "rouge1": [
        0.016666666666666666,
        0.0,
        0.005376344086021506,
        0.0,
        0.0,
        0.019801980198019806,
        0.008333333333333333,
        0.014814814814814815,
        0.0,
        0.0
      ],
      "rouge2": [
        0.0,
        0.0,
        0.0,
        0.0,
        0.0,
        0.0,
        0.0,
        0.007462686567164179,
        0.0,
        0.0
      ],
      "rougeL": [
        0.016666666666666666,
        0.0,
        0.005376344086021506,
        0.0,
        0.0,
        0.019801980198019806,
        0.008333333333333333,
        0.014814814814814815,
        0,
        0
      ]
    },
    "summary_mbart": {
      "rouge1": [
        0.016666666666666666,
        0.03821656050955414,
        0.031914893617021274,
        0.030303030303030307,
        0.02777777777777778,
        0.05882352941176471,
        0.024793388429752063,
        0.043795620437956206,
        0.11538461538461538,
        0.03669724770642201
      ],
      "rouge2": [
        0.0,
        0.02564102564102564,
        0.0213903743315508,
        0.0,
        0.014084507042253521,
        0.04950495049504951,
        0.008333333333333333,
        0.03676470588235294,
        0.06796116504854369,
        0.018691588785046728
      ],
      "rougeL": [
        0.016666666666666666,
        0.03821656050955414,
        0.031914893617021274,
        0.030303030303030307,
        0.02777777777777778,
        0.05882352941176471,
        0.024793388429752063,
        0.043795620437956206,
        0.11538461538461538,
        0.03669724770642201
      ]
    },
    "summary_rut5": {
      "rouge1": [
        0.08064516129032258,
        0.012903225806451613,
        0.0474934036939314,
        0.030303030303030307,
        0.0,
        0.010050251256281409,
        0.03292181069958847,
        0.057761732851985555,
        0.04975124378109453,
        0.08849557522123892
      ],
      "rouge2": [
        0.06557377049180328,
        0.0,
        0.021220159151193636,
        0.0,
        0.0,
        0.0,
        0.0,
        0.021818181818181816,
        0.04020100502512563,
        0.05405405405405406
      ],
      "rougeL": [
        0.08064516129032258,
        0.012903225806451613,
        0.0474934036939314,
        0.030303030303030307,
        0,
        0.010050251256281409,
        0.03292181069958847,
        0.05054151624548737,
        0.04975124378109453,
        0.08849557522123892
      ]
    },
    "summary_t5": {
      "rouge1": [
        0.06504065040650406,
        0.08695652173913045,
        0.005390835579514825,
        0.059701492537313446,
        0.0,
        0.07766990291262137,
        0.0489795918367347,
        0.09252669039145908,
        0.039999999999999994,
        0.21487603305785127
      ],
      "rouge2": [
        0.03305785123966942,
        0.056249999999999994,
        0.0,
        0.03076923076923077,
        0.0,
        0.0392156862745098,
        0.02469135802469136,
        0.07885304659498207,
        0.030303030303030307,
        0.16806722689075632
      ],
      "rougeL": [
        0.06504065040650406,
        0.08695652173913045,
        0.005390835579514825,
        0.059701492537313446,
        0.0,
        0.07766990291262137,
        0.0489795918367347,
        0.09252669039145908,
        0.039999999999999994,
        0.21487603305785127
      ]
    }
  },
  "АР-СР": {
    "summary_lingvo": {
      "rouge1": [
        0.26666666666666666,
        0.0,
        0.0,
        0.2,
        0.0,
        0.05882352941176471,
        0.0,
        0.37931034482758624,
        0.3055555555555555,
        0.5806451612903226
      ],
      "rouge2": [
        0.04651162790697674,
        0.0,
        0.0,
        0.0,
        0.0,
        0.0,
        0.0,
        0.25,
        0.08571428571428572,
        0.41379310344827586
      ],
      "rougeL": [
        0.22222222222222224,
        0,
        0.0,
        0.2,
        0,
        0.05882352941176471,
        0,
        0.3103448275862069,
        0.2777777777777778,
        0.3225806451612903
      ]
    },
    "summary_TextRank": {
      "rouge1": [
        0.1739130434782609,
        0.0,
        0.0,
        0.09999999999999999,
        0.0,
        0.03636363636363636,
        0.0,
        0.30769230769230765,
        0.417910447761194,
        0.5925925925925926
      ],
      "rouge2": [
        0.0909090909090909,
        0.0,
        0.0,
        0.0,
        0.0,
        0.0,
        0.0,
        0.20869565217391306,
        0.3076923076923077,
        0.16
      ],